{
    "dataVersion": 1,
    "bodyType": 0,
    "skinColor": {
        "r": 0.23529410362243653,
        "g": 0.1444457620382309,
        "b": 0.09515570849180222,
        "a": 1.0
    },
    "tintColor": {
        "r": 1.0,
        "g": 1.0,
        "b": 1.0,
        "a": 1.0
    },
    "slotData": [
        {
            "category": 0,
            "partName": "Sci-Fi 05 Male",
            "partPackage": "Sci-Fi",
            "color1": {
                "r": 0.18811550736427308,
                "g": 0.18202297389507295,
                "b": 0.2640949487686157,
                "a": 1.0
            },
            "color2": {
                "r": 0.3044877052307129,
                "g": 0.23292377591133119,
                "b": 0.2630869746208191,
                "a": 1.0
            },
            "color3": {
                "r": 0.2697414755821228,
                "g": 0.29237237572669985,
                "b": 0.42566579580307009,
                "a": 1.0
            }
        },
        {
            "category": 1,
            "partName": "Fantasy Set 05",
            "partPackage": "Fantasy",
            "color1": {
                "r": 0.2640949487686157,
                "g": 0.16306866705417634,
                "b": 0.12335168570280075,
                "a": 1.0
            },
            "color2": {
                "r": 0.2640949487686157,
                "g": 0.16306866705417634,
                "b": 0.12335168570280075,
                "a": 1.0
            },
            "color3": {
                "r": 0.2640949487686157,
                "g": 0.16306866705417634,
                "b": 0.12335168570280075,
                "a": 1.0
            }
        },
        {
            "category": 2,
            "partName": "00",
            "partPackage": "Base",
            "color1": {
                "r": 0.5,
                "g": 0.5,
                "b": 0.5,
                "a": 1.0
            },
            "color2": {
                "r": 0.5,
                "g": 0.5,
                "b": 0.5,
                "a": 1.0
            },
            "color3": {
                "r": 0.5,
                "g": 0.5,
                "b": 0.5,
                "a": 1.0
            }
        },
        {
            "category": 3,
            "partName": "04",
            "partPackage": "Base",
            "color1": {
                "r": 0.19669626653194428,
                "g": 0.27924224734306338,
                "b": 0.1600348949432373,
                "a": 1.0
            },
            "color2": {
                "r": 0.19669626653194428,
                "g": 0.27924224734306338,
                "b": 0.1600348949432373,
                "a": 1.0
            },
            "color3": {
                "r": 0.19669626653194428,
                "g": 0.27924224734306338,
                "b": 0.1600348949432373,
                "a": 1.0
            }
        },
        {
            "category": 4,
            "partName": "10",
            "partPackage": "Base",
            "color1": {
                "r": 0.7529411911964417,
                "g": 0.0,
                "b": 0.0,
                "a": 1.0
            },
            "color2": {
                "r": 0.7529411911964417,
                "g": 0.0,
                "b": 0.0,
                "a": 1.0
            },
            "color3": {
                "r": 0.7529411911964417,
                "g": 0.0,
                "b": 0.0,
                "a": 1.0
            }
        },
        {
            "category": 5,
            "partName": "Sci-Fi 00",
            "partPackage": "Sci-Fi",
            "color1": {
                "r": 0.19669626653194428,
                "g": 0.27924224734306338,
                "b": 0.1600348949432373,
                "a": 1.0
            },
            "color2": {
                "r": 0.19669626653194428,
                "g": 0.27924224734306338,
                "b": 0.1600348949432373,
                "a": 1.0
            },
            "color3": {
                "r": 0.19669626653194428,
                "g": 0.27924224734306338,
                "b": 0.1600348949432373,
                "a": 1.0
            }
        },
        {
            "category": 6,
            "partName": "",
            "partPackage": "",
            "color1": {
                "r": 0.5,
                "g": 0.5,
                "b": 0.5,
                "a": 1.0
            },
            "color2": {
                "r": 0.5,
                "g": 0.5,
                "b": 0.5,
                "a": 1.0
            },
            "color3": {
                "r": 0.5,
                "g": 0.5,
                "b": 0.5,
                "a": 1.0
            }
        },
        {
            "category": 7,
            "partName": "Sci-Fi 15",
            "partPackage": "Sci-Fi",
            "color1": {
                "r": 0.19669626653194428,
                "g": 0.27924224734306338,
                "b": 0.1600348949432373,
                "a": 1.0
            },
            "color2": {
                "r": 0.19669626653194428,
                "g": 0.27924224734306338,
                "b": 0.1600348949432373,
                "a": 1.0
            },
            "color3": {
                "r": 0.19669626653194428,
                "g": 0.27924224734306338,
                "b": 0.1600348949432373,
                "a": 1.0
            }
        },
        {
            "category": 8,
            "partName": "Fantasy Set 03",
            "partPackage": "Fantasy",
            "color1": {
                "r": 0.18811550736427308,
                "g": 0.18202297389507295,
                "b": 0.2640949487686157,
                "a": 1.0
            },
            "color2": {
                "r": 0.1764705777168274,
                "g": 0.27641981840133669,
                "b": 0.375,
                "a": 1.0
            },
            "color3": {
                "r": 0.7529411911964417,
                "g": 0.0,
                "b": 0.0,
                "a": 1.0
            }
        },
        {
            "category": 9,
            "partName": "05",
            "partPackage": "Base",
            "color1": {
                "r": 0.23529410362243653,
                "g": 0.1444457620382309,
                "b": 0.09515570849180222,
                "a": 1.0
            },
            "color2": {
                "r": 0.23529410362243653,
                "g": 0.1444457620382309,
                "b": 0.09515570849180222,
                "a": 1.0
            },
            "color3": {
                "r": 0.23529410362243653,
                "g": 0.1444457620382309,
                "b": 0.09515570849180222,
                "a": 1.0
            }
        },
        {
            "category": 10,
            "partName": "04",
            "partPackage": "Base",
            "color1": {
                "r": 0.5,
                "g": 0.5,
                "b": 0.5,
                "a": 1.0
            },
            "color2": {
                "r": 0.5,
                "g": 0.5,
                "b": 0.5,
                "a": 1.0
            },
            "color3": {
                "r": 0.5,
                "g": 0.5,
                "b": 0.5,
                "a": 1.0
            }
        },
        {
            "category": 11,
            "partName": "Fantasy 07 Male",
            "partPackage": "Fantasy",
            "color1": {
                "r": 0.3044877052307129,
                "g": 0.23292377591133119,
                "b": 0.2630869746208191,
                "a": 1.0
            },
            "color2": {
                "r": 0.18811550736427308,
                "g": 0.18202297389507295,
                "b": 0.2640949487686157,
                "a": 1.0
            },
            "color3": {
                "r": 0.20588237047195435,
                "g": 0.20588237047195435,
                "b": 0.20588237047195435,
                "a": 1.0
            }
        },
        {
            "category": 12,