{
    "dataVersion": 1,
    "bodyType": 0,
    "skinColor": {
        "r": 0.23529410362243653,
        "g": 0.1444457620382309,
        "b": 0.09515570849180222,
        "a": 1.0
    },
    "tintColor": {
        "r": 1.0,
        "g": 1.0,
        "b": 1.0,
        "a": 1.0
    },
    "slotData": [
        {
            "category": 0,
            "partName": "Sci-Fi 05 Male",
            "partPackage": "Sci-Fi",
            "color1": {
                "r": 0.18811550736427308,
                "g": 0.18202297389507295,
                "b": 0.2640949487686157,
                "a": 1.0
            },
            "color2": {
                "r": 0.3044877052307129,
                "g": 0.23292377591133119,
                "b": 0.2630869746208191,
                "a": 1.0
            },
            "color3": {
                "r": 0.19669626653194428,
                "g": 0.27924224734306338,
                "b": 0.1600348949432373,
                "a": 1.0
            }
        },
        {
            "category": 1,
            "partName": "Fantasy Set 05",
            "partPackage": "Fantasy",
            "color1": {
                "r": 0.18811550736427308,
                "g": 0.18202297389507295,
                "b": 0.2640949487686157,
                "a": 1.0
            },
            "color2": {
                "r": 0.3044877052307129,
                "g": 0.23292377591133119,
                "b": 0.2630869746208191,
                "a": 1.0
            },
            "color3": {
                "r": 0.3297331631183624,
                "g": 0.262154757976532,
                "b": 0.23558731377124787,
                "a": 1.0
            }
        },
        {
            "category": 2,
            "partName": "00",
            "partPackage": "Base",
            "color1": {
                "r": 0.5,
                "g": 0.5,
                "b": 0.5,
                "a": 1.0
            },
            "color2": {
                "r": 0.5,
                "g": 0.5,
                "b": 0.5,
                "a": 1.0
            },
            "color3": {
                "r": 0.5,
                "g": 0.5,
                "b": 0.5,
                "a": 1.0
            }
        },
        {
            "category": 3,
            "partName": "04",
            "partPackage": "Base",
            "color1": {
                "r": 0.21571113169193269,
                "g": 0.33088237047195437,
                "b": 0.17030709981918336,
                "a": 1.0
            },
            "color2": {
                "r": 0.21571113169193269,
                "g": 0.33088237047195437,
                "b": 0.17030709981918336,
                "a": 1.0
            },
            "color3": {
                "r": 0.21571113169193269,
                "g": 0.33088237047195437,
                "b": 0.17030709981918336,
                "a": 1.0
            }
        },
        {
            "category": 4,
            "partName": "10",
            "partPackage": "Base",
            "color1": {
                "r": 0.7529411911964417,
                "g": 0.0,
                "b": 0.0,
                "a": 1.0
            },
            "color2": {
                "r": 0.7529411911964417,
                "g": 0.0,
                "b": 0.0,
                "a": 1.0
            },
            "color3": {
                "r": 0.7529411911964417,
                "g": 0.0,
                "b": 0.0,
                "a": 1.0
            }
        },
        {
            "category": 5,
            "partName": "Sci-Fi 00",
            "partPackage": "Sci-Fi",
            "color1": {
                "r": 0.21571113169193269,
                "g": 0.33088237047195437,
                "b": 0.17030709981918336,
                "a": 1.0
            },
            "color2": {
                "r": 0.21571113169193269,
                "g": 0.33088237047195437,
                "b": 0.17030709981918336,
                "a": 1.0
            },
            "color3": {
                "r": 0.21571113169193269,
                "g": 0.33088237047195437,
                "b": 0.17030709981918336,
                "a": 1.0
            }
        },
        {
            "category": 6,
            "partName": "",
            "partPackage": "",
            "color1": {
                "r": 0.5,
                "g": 0.5,
                "b": 0.5,
                "a": 1.0
            },
            "color2": {
                "r": 0.5,
                "g": 0.5,
                "b": 0.5,
                "a": 1.0
            },
            "color3": {
                "r": 0.5,
                "g": 0.5,
                "b": 0.5,
                "a": 1.0
            }
        },
        {
            "category": 7,
            "partName": "Sci-Fi 15",
            "partPackage": "Sci-Fi",
            "color1": {
                "r": 0.21571113169193269,
                "g": 0.33088237047195437,
                "b": 0.17030709981918336,
                "a": 1.0
            },
            "color2": {
                "r": 0.21571113169193269,
                "g": 0.33088237047195437,
                "b": 0.17030709981918336,
                "a": 1.0
            },
            "color3": {
                "r": 0.21571113169193269,
                "g": 0.33088237047195437,
                "b": 0.17030709981918336,
                "a": 1.0
            }
        },
        {
            "category": 8,
            "partName": "Fantasy Set 03",
            "partPackage": "Fantasy",
            "color1": {
                "r": 0.18811550736427308,
                "g": 0.18202297389507295,
                "b": 0.2640949487686157,
                "a": 1.0
            },
            "color2": {
                "r": 0.0828578844666481,
                "g": 0.31430041790008547,
                "b": 0.39537128806114199,
                "a": 1.0
            },
            "color3": {
                "r": 0.7529411911964417,
                "g": 0.0,
                "b": 0.0,
                "a": 1.0
            }
        },
        {
            "category": 9,
            "partName": "08",
            "partPackage": "Base",
            "color1": {
                "r": 0.23529410362243653,
                "g": 0.1444457620382309,
                "b": 0.09515570849180222,
                "a": 1.0
            },
            "color2": {
                "r": 0.23529410362243653,
                "g": 0.1444457620382309,
                "b": 0.09515570849180222,
                "a": 1.0
            },
            "color3": {
                "r": 0.23529410362243653,
                "g": 0.1444457620382309,
                "b": 0.09515570849180222,
                "a": 1.0
            }
        },
        {
            "category": 10,
            "partName": "04",
            "partPackage": "Base",
            "color1": {
                "r": 0.5,
                "g": 0.5,
                "b": 0.5,
                "a": 1.0
            },
            "color2": {
                "r": 0.5,
                "g": 0.5,
                "b": 0.5,
                "a": 1.0
            },
            "color3": {
                "r": 0.5,
                "g": 0.5,
                "b": 0.5,
                "a": 1.0
            }
        },
        {
            "category": 11,
            "partName": "Fantasy 07 Male",
            "partPackage": "Fantasy",
            "color1": {
                "r": 0.18811550736427308,
                "g": 0.18202297389507295,
                "b": 0.2640949487686157,
                "a": 1.0
            },
            "color2": {
                "r": 0.3044877052307129,
                "g": 0.23292377591133119,
                "b": 0.2630869746208191,
                "a": 1.0
            },
            "color3": {
                "r": 0.2640949487686157,
                "g": 0.19256167113780976,
                "b": 0.14335325360298158,